연번,노선명,시점,종점,연장(킬로미터),폭(미터),포장종류,도로종류,데이터기준일자
1,성남대로,복정역사거리,모란사거리,7.5,2,보도블럭,보행자 겸용도로,2026-06-03
2,성남대로,모란사거리,여수삼거리,1.2,1.5,투수콘,보행자 겸용도로,2026-06-03
3,성남대로,여수삼거리,장미사거리,1.35,2.5,투수콘,보행자 겸용도로,2026-06-03
4,성남대로,여수공공주택지구 앞,여수사거리,1.1,2.5,투수콘,보행자 겸용도로,2026-06-03
5,성남대로(광로3-5),광로3-5시점 야탑동 장미사거리,대로3-15시점 야탑역사거리,0.88,2.5,우레탄,보행자 겸용도로,2026-06-03
6,성남대로,대로3-15시점 야탑역사거리,이매1동 태원고교,1.7,2.5,"우레탄, 보도블럭",보행자 겸용도로,2026-06-03
7,성남대로,이매1동 태원고교,이매사거리,3.76,2.5,"우레탄, 보도블럭",보행자 겸용도로,2026-06-03
8,성남대로,이매사거리,농수산물센터사거리,13.2,2,"우레탄, 보도블럭, 투수콘",보행자 겸용도로,2026-06-03
9,성남대로 1542번길,성남대로 1540,성남대로1542번길 35,0.32,1.2,투수콘,보행자 겸용도로,2026-06-03
10,성남대로 1542번길,성남대로1542번길 35,성남대로 1542번길 시점,0.32,1.2,투수콘,보행자 겸용도로,2026-06-03
11,성남대로1480번길,성남대로1480번길 시점(복정로 98),성남대로 1480번길 38,0.3,1.2,투수콘,보행자 겸용도로,2026-06-03
12,성남대로 1416번길,복정로 36,성남대로 1416번길 20,0.12,1.2,투수콘,보행자 겸용도로,2026-06-03
13,성남대로1416번길,성남대로1414,복정로35,0.06,1.2,투수콘,보행자 겸용도로,2026-06-03
14,성남대로1390번길,성남대로 1390번길 시점,복정로9,0.06,1.2,투수콘,보행자 겸용도로,2026-06-03
15,성남대로43번길,성남대로43번길11,성남대로43번길11,0.34,1.2,투수콘,보행자 겸용도로,2026-06-03
16,성남대로997번길,성남대로 997,여수동 375,0.54,2.4,투수콘,보행자 겸용도로,2026-06-03
17,성남대로407번길,백궁삼거리,늘푸른고등학교,0.27,1.5,투수콘,보행자 겸용도로,2026-06-03
18,성남대로407번길,늘푸른고등학교,백궁삼거리,0.27,1.5,투수콘,보행자 겸용도로,2026-06-03
19,성남대로925번길,파인디지털,대법원전산정보센터,0.14,1.3,투수콘,보행자 겸용도로,2026-06-03
20,성남대로343번길,인텔리지2,정자역4번출구,0.26,1.2,"보도블럭, 투수콘",보행자 겸용도로,2026-06-03
21,대왕판교로(1호광장),판교동 판교지하차도,세곡3교(서울시경계),13.8,2,"보도블럭, 투수콘",보행자 겸용도로,2026-06-03
22,대왕판교로,판교IC고가도로,판교바이오센타앞(판교테크노중앙사거리),1,2,투수콘,보행자 겸용도로,2026-06-03
23,대왕판교로,판교동 판교지하차도,금곡IC,6.79,2,"보도블럭, 투수콘",보행자 겸용도로,2026-06-03
24,대왕판교로606번길,화랑공원삼거리,동안사거리,0.21,1.5,투수콘,보행자 겸용도로,2026-06-03
25,대왕판교로606번길,판교역사거리,판교푸르지오월드마크,0.14,1.5,투수콘,보행자 겸용도로,2026-06-03
26,동판교로,낙생대공원삼거리,동판교로사거리,1.7,2,"보도블럭, 투수콘",보행자 겸용도로,2026-06-03
27,동판교로,동판교로사거리,성남송현초교앞,1.35,2,"보도블럭, 투수콘",보행자 겸용도로,2026-06-03
28,동판교로,성남송현초교앞,백현마을휴먼시아 4단지앞 사거리(동판교로사거리),1.33,2,투수콘,보행자 겸용도로,2026-06-03
29,동판교로,성남송현초교앞,서울외곽순환고속도로밑,0.46,2,"보도블럭, 투수콘",보행자 겸용도로,2026-06-03
30,동판교로,서울외곽순환고속도로밑,성남송현초교앞,0.46,2,투수콘,보행자 겸용도로,2026-06-03
31,동판교로60번길,백현마을3단지,서현교사거리,0.32,1.5,"투수콘, 보도블럭",보행자 겸용도로,2026-06-03
32,서판교로,광암사거리,판교원마을주공휴먼시아13단지 앞,1.86,2,"보도블럭, 투수콘",보행자 겸용도로,2026-06-03
33,판교로(하탑로)(대로2-12),대로2-12시점(야탑2동 벌말사거리),광로3-5교차점(하탑사거리),1.57,2,투수콘,보행자 겸용도로,2026-06-03
34,판교로(하탑로),하탑사거리,야탑3동 195-1(분당테크노파크),2.01,2,"우레탄, 보도블럭",보행자 겸용도로,2026-06-03
35,판교로,하산운사거리,한철교,0.31,2,"보도블럭, 투수콘",보행자 겸용도로,2026-06-03
36,판교로,한철교,하산운사거리,0.17,2,투수콘,보행자 겸용도로,2026-06-03
37,판교로,현대힐스테이트11단지,성내미사거리,0.22,2,투수콘,보행자 겸용도로,2026-06-03
38,판교로,성내미사거리,판교원휴먼시아12단지,0.22,2,보도블럭,보행자 겸용도로,2026-06-03
39,판교로,판교테크노14사거리,봇들사거리,0.23,2,투수콘,보행자 겸용도로,2026-06-03
40,판교로,봇들사거리,벌말사거리,0.5,2,투수콘,보행자 겸용도로,2026-06-03
41,판교로,벌말사거리,봇들사거리,0.57,2,투수콘,보행자 겸용도로,2026-06-03
42,판교로,성내미사거리,판교테크노14사거리,1.37,2,투수콘,보행자 겸용도로,2026-06-03
43,판교로,봇들사거리,낙생고가차도,1.36,1.5,"보도블럭, 투수콘",보행자 겸용도로,2026-06-03
44,판교로,낙생고가차도,성내미사거리,0.33,2,투수콘,보행자 겸용도로,2026-06-03
45,판교로228번길,판교스포츠센터,낙생고가차도,0.95,3,투수콘,보행자 겸용도로,2026-06-03
46,판교역로,판교역앞(동안교),판교테크노14사거리,0.58,2,투수콘,보행자 겸용도로,2026-06-03
47,판교역로,동안사거리,낙생지하차도,0.4,1.5,투수콘,보행자 겸용도로,2026-06-03
48,판교역로,환승주차장삼거리,동안사거리,0.25,1.5,투수콘,보행자 겸용도로,2026-06-03
49,판교역로,동안사거리,동안교,0.14,1.3,보도블럭,보행자 겸용도로,2026-06-03
50,판교역로 192번길,봇들교사거리,동안교,0.27,1.5,"투수콘, 보도블럭",보행자 겸용도로,2026-06-03
51,판교원로,성산운교,두밀교(산운초교),1.3,2,"보도블럭, 투수콘",보행자 겸용도로,2026-06-03
52,판교원로82번길,산운마을14단지,산운마을14,0.24,2,보도블럭,보행자 겸용도로,2026-06-03
53,판교원로82번길,경남아너스빌14단지앞,판교원2사거리,0.77,2,투수콘,보행자 겸용도로,2026-06-03
54,안양판교로,운중교차로사거리,의왕시계,2.2,3.4,"보도블럭, 투수콘",보행자 겸용도로,2026-06-03
55,운중로,성산운교,용인~서울고속도로밑,0.51,2,"보도블럭, 투수콘",보행자 겸용도로,2026-06-03
56,운중로,용인~서울고속도로밑,성산운교,0.51,2,투수콘,보행자 겸용도로,2026-06-03
57,운중로,용인~서울고속도로밑,판교도서관앞 사거리,1.78,2,투수콘,보행자 겸용도로,2026-06-03
58,운중로,판교도서관앞사거리,용인~서울고속도로밑,1.78,2,투수콘,보행자 겸용도로,2026-06-03
59,운중로,판교도서관앞 사거리,낙원교,2,3,투수콘,보행자 겸용도로,2026-06-03
60,운중로45번길,운중로사거리,산운길2삼거리(운중초교앞 삼거리),0.1,2,투수콘,보행자 겸용도로,2026-06-03
61,운중로113번길,중산운사거리,산운길3삼거리,0.12,2,투수콘,보행자 겸용도로,2026-06-03
62,운중로137번길,운중동주민센터사거리,산운길4삼거리,0.15,2,투수콘,보행자 겸용도로,2026-06-03
63,운중로165번길,산운사거리,산운길5삼거리,0.15,2,투수콘,보행자 겸용도로,2026-06-03
64,운중로277번길,운중로 277번길 59 앞,운중로229 앞,0.53,2,투수콘,보행자 겸용도로,2026-06-03
65,운중로243번길,판교원마을6단지,판교청소년수련관앞,0.56,2,투수콘,보행자 겸용도로,2026-06-03
66,운중로225번길,운중로267번길4-10 앞,운중로 277번길 59 앞,0.08,2,투수콘,보행자 겸용도로,2026-06-03
67,산성대로(광로2-2),광로2-2시점(수진역사거리),광로2-2종점(산성육교),8,2.5,투수콘,보행자 겸용도로,2026-06-03
68,산성대로,모란사거리,수진역사거리,2.2,2,투수콘,보행자 겸용도로,2026-06-03
69,산성대로,모란사거리,탄천로 연결지점,1.1,3,투수콘,보행자 겸용도로,2026-06-03
70,산성대로,탄천로연결지점,모란사거리,1.26,3,투수콘,보행자 겸용도로,2026-06-03
71,청계산로,적푸리마을입구,정혜사앞,2.76,2,아스콘,전용도로,2026-06-03
72,청계산로,정혜사앞,청계산로입구,0.84,2,투수콘,전용도로,2026-06-03
73,청계산로,sk청계산주유소앞,적푸리마을입구,1.3,3,아스콘,전용도로,2026-06-03
74,둔촌대로,상대원교(하대원 48 야채시장앞),공단본부사거리,4.28,2.5,"보도블럭, 투수콘",보행자 겸용도로,2026-06-03
75,둔촌대로(대로3-10),대로3-10시점(상대원1동파출소),대로3-10종점(순환로),2.32,2,"보도블럭, 투수콘",보행자 겸용도로,2026-06-03
76,둔촌대로,모란시장사거리,하대원파출소앞사거리,2.44,1.5,투수콘,보행자 겸용도로,2026-06-03
77,서현로,대로1-8시점(이매1동 매송사거리),분당 성요한성당,7.2,2,"보도블럭, 투수콘",보행자 겸용도로,2026-06-03
78,서현로,푸르지오 그랑블아파트앞 사거리,매송사거리,1.27,2,투수콘,보행자 겸용도로,2026-06-03
79,백현로(대로1-12),대로1-12시점(수내동 백현교),대로1-12종점(푸른마을삼거리),3.71,1.5,투수콘,보행자 겸용도로,2026-06-03
80,백현로,백현교사거리,백현사거리,0.12,2,투수콘,보행자 겸용도로,2026-06-03
81,백현로101번길,수내동다운타운,수내동다운타운,0.05,1.2,투수콘,보행자 겸용도로,2026-06-03
82,돌마로,돌마교사거리,금곡고가차도,2.54,2,"보도블럭, 투수콘",보행자 겸용도로,2026-06-03
83,돌마로,서당사거리,돌마교사거리,7.1,2,"우레탄, 보도블럭, 투수콘",보행자 겸용도로,2026-06-03
84,돌마로,도촌사거리,상탑사거리,1.63,2,"우레탄, 보도블럭",보행자 겸용도로,2026-06-03
85,돌마로476번길,창민프라자,분당서현프라자,0.46,1.5,투수콘,보행자 겸용도로,2026-06-03
86,돌마로486번길,효자촌동진프라자,주영빌딩,0.46,1.5,투수콘,보행자 겸용도로,2026-06-03
87,돌마로356번길,그랜드빌딩,수내파출소,0.5,1.5,투수콘,보행자 겸용도로,2026-06-03
88,돌마로366번길,동한프라자,현대제일상가,0.53,1.5,투수콘,보행자 겸용도로,2026-06-03
89,황새울로(탄천중로),백현교,불정교삼거리,3.84,1.5,투수콘,보행자 겸용도로,2026-06-03
90,황새울로(탄천중로),대로3-20시점(백현교),대로3-20종점(이매촌한신아파트 204동),3.44,1.5,투수콘,보행자 겸용도로,2026-06-03
91,황새울로200번길,황새울로연결지점,수내동다운타운,0.22,1.2,투수콘,보행자 겸용도로,2026-06-03
92,장미로(대로3-13),대로3-13시점(장미사거리),대로3-13종점(돌마로연결지점),2.72,2,투수콘,보행자 겸용도로,2026-06-03
93,장미로(대로3-12),대로3-12시점(장미사거리),대로3-12종점(야탑1동 사송교삼거리),1.42,2,투수콘,보행자 겸용도로,2026-06-03
94,장미로38번길,KT분당IDC,KT분당IDC,0.1,1.3,투수콘,보행자 겸용도로,2026-06-03
95,야탑로(번영로)(대로3-14),대로3-14시점(야탑역사거리),대로3-14종점(분당수서간고속화도로),1.02,2,투수콘,보행자 겸용도로,2026-06-03
96,야탑로(번영로)(대로3-15),대로3-15시점(야탑역사거리),대로3-15종점(상탑사거리),2.62,2,"우레탄, 투수콘",보행자 겸용도로,2026-06-03
97,야탑로(번영로),중로1-41시점(야탑3동 상탑사거리),중로1-41종점(야탑3동 192-2),2.5,2,"우레탄, 보도블럭",보행자 겸용도로,2026-06-03
98,야탑로65번길,대법원전산정보센터,대법원전산정보센터,0.09,1.3,투수콘,보행자 겸용도로,2026-06-03
99,양현로,대로3-11시점(야탑사거리),대로3-11종점(도촌동 도촌사거리),2.78,2,우레탄,보행자 겸용도로,2026-06-03
100,양현로(탄천우로),야탑사거리,분당소방서삼거리,8.38,3,"보도블럭, 투수콘",보행자 겸용도로,2026-06-03
101,양현로310번길,GS주유소,대법원전산정보센터,0.13,1.3,투수콘,보행자 겸용도로,2026-06-03
102,매화로(송림로)(대로3-16),대로3-16시점(하탑삼거리),대로3-16종점(야탑동 여수동입구교차로),2.06,2,투수콘,보행자 겸용도로,2026-06-03
103,분당내곡로(광장로),수내사거리,푸르지오그랑블아파트앞 사거리(광장로사거리),1.07,2,투수콘,보행자 겸용도로,2026-06-03
104,분당내곡로(광장로),느티나무사거리,수내사거리,0.86,2,투수콘,보행자 겸용도로,2026-06-03
105,분당내곡로(광장로),푸르지오그랑블아파트앞 사거리(광장로사거리),봇들교(봇들교사거리),0.5,2,투수콘,보행자 겸용도로,2026-06-03
106,분당내곡로(광장로),봇들교(봇들교사거리),봇들교(삼평사거리),0.14,2,투수콘,보행자 겸용도로,2026-06-03
107,분당내곡로(광장로),봇들교(삼평사거리),봇들교(봇들교사거리),0.14,2,투수콘,보행자 겸용도로,2026-06-03
108,분당내곡로,판교역,느티나무사거리,0.46,1.5,투수콘,보행자 겸용도로,2026-06-03
109,수내로(대로1-11),대로1-11시점(분당사거리),대로1-11종점(샛별삼거리),3.04,2,우레탄,보행자 겸용도로,2026-06-03
110,수내로,분당사거리,수내교사거리,0.23,2,보도블럭,보행자 겸용도로,2026-06-03
111,수내로,수내교사거리,수내사거리,0.29,2,투수콘,보행자 겸용도로,2026-06-03
112,수내로,수내사거리,수내교사거리,0.29,2,투수콘,보행자 겸용도로,2026-06-03
113,수정로(복개도로),태평역사거리,탄천,1.24,1.5,보도블럭,보행자 겸용도로,2026-06-03
114,수정로,태평역사거리,숯골사거리,1.36,1.5,보도블럭,보행자 겸용도로,2026-06-03
115,수정로,숯골사거리,태평역사거리,1.36,1.5,보도블럭,보행자 겸용도로,2026-06-03
116,미금로(대로2-17),금곡동196(대로2-17시점),용인시경계(대로2-17종점),6.05,2,투수콘,보행자 겸용도로,2026-06-03
117,미금로22번길,구미초등학교,무지개마을주공12단지,0.52,1.2,투수콘,보행자 겸용도로,2026-06-03
118,분당로(대로1-10),서현사거리,분당요한성당 삼거리,6.3,2,투수콘,보행자 겸용도로,2026-06-03
119,분당로,서현교,서현사거리,1.26,4,"보도블럭, 투수콘",보행자 겸용도로,2026-06-03
120,분당수서로,정자역 환승주차장,백현사거리,1.76,2,"보도블럭, 투수콘",보행자 겸용도로,2026-06-03
121,분당수서로,늘푸른초등학교,그린팩토리,0.14,1.5,투수콘,보행자 겸용도로,2026-06-03
122,분당수서로,코오롱트리폴리스,코오롱더프라우아파트,0.34,1.5,투수콘,보행자 겸용도로,2026-06-03
123,미금일로,금곡동 미금사거리(대로3-25시점),구미동 하얀마을삼거리(대로3-25종점),1.93,2,투수콘,보행자 겸용도로,2026-06-03
124,벌말로(중로1-20),중로1-20시점 야탑3동 목련삼거리,중로1-20종점 야탑1동 중탑삼거리,1.45,1.5,투수콘,보행자 겸용도로,2026-06-03
125,금곡로,대로3-23종점 금곡동 192,대로3-24종점 금곡동 150,6.77,2,"우레탄, 보도블럭",보행자 겸용도로,2026-06-03
126,불정로(대로2-16),서현2동 서당삼거리,분당수서간 고속화도로 연결지점,7.36,2,"보도블럭, 투수콘",보행자 겸용도로,2026-06-03
127,불정로23번길,삼성아데나펠리스아파트,대림아크로텔,0.36,1.2,투수콘,보행자 겸용도로,2026-06-03
128,불정로23번길,엠코헤리츠1단지,엠코헤리츠4단지,0.17,1.2,투수콘,보행자 겸용도로,2026-06-03
129,불정로376번길,동남프라자,범한프라자,0.42,1.5,투수콘,보행자 겸용도로,2026-06-03
130,불정로386번길,레이디파크빌딩,동남프라자,0.42,1.5,투수콘,보행자 겸용도로,2026-06-03
131,구미로,구미동 185-5(오리삼거리),구미동 274-2(골안사),3.78,2,"우레탄, 보도블럭",보행자 겸용도로,2026-06-03
132,탄천로(탄천좌로),사송교삼거리,이매교사거리,4.12,1.5,"보도블럭, 투수콘",보행자 겸용도로,2026-06-03
133,여수대로,여수삼거리,여수2교,0.41,1.5,투수콘,보행자 겸용도로,2026-06-03
134,여수대로,여수2교,여수삼거리,0.41,1.5,투수콘,보행자 겸용도로,2026-06-03
135,내정로,수내1동 초림삼거리,정자3동 계원삼거리,3.94,2,보도블럭,보행자 겸용도로,2026-06-03
136,내정로165번길,크리스탈빌딩,양지프라임,0.53,1.5,투수콘,보행자 겸용도로,2026-06-03
137,내정로166번길,동신파크빌딩,금산프라자빌딩,0.5,1.5,투수콘,보행자 겸용도로,2026-06-03
138,내정로173번길,양지마을청구아파트,궁전프라자,0.46,1.5,투수콘,보행자 겸용도로,2026-06-03
139,내정로174번길,동신코아빌딩,상지상가빌딩,0.47,1.5,투수콘,보행자 겸용도로,2026-06-03
140,희망로,산성동삼거리,단대오거리,1.9,1.2,"우레탄, 보도블럭",보행자 겸용도로,2026-06-03
141,희망로,상공회의소앞사거리,해오름도서관,0.34,2,투수콘,보행자 겸용도로,2026-06-03
142,금상로,상대원시장앞,선경아파트앞,1.37,1.2,"우레탄, 보도블럭",보행자 겸용도로,2026-06-03
143,시민로,예일병원사거리(숯골사거리),신흥사거리,0.9,1.3,보도블럭,보행자 겸용도로,2026-06-03
144,새마을로,서현1동 313-1번지,새마을 중앙연수원,3.04,2,"우레탄, 보도블럭",보행자 겸용도로,2026-06-03
145,도촌북로인근,도촌동 종합사회복지관,도촌초등학교,0.19,1.5,투수콘,보행자 겸용도로,2026-06-03
146,도촌북로인근,도촌중입구사거리,도촌파출소사거리,0.58,2,투수콘,보행자 겸용도로,2026-06-03
147,도촌로,산바람어린이공원앞,도촌북로사거리,0.43,2,투수콘,보행자 겸용도로,2026-06-03
148,도촌로,도촌북로사거리,도촌남로사거리,0.43,2,투수콘,보행자 겸용도로,2026-06-03
149,도촌북로,여수촌1교,도촌파출소사거리,0.48,2,투수콘,보행자 겸용도로,2026-06-03
150,도촌북로,도촌파출소사거리,여수촌1교,0.48,2,투수콘,보행자 겸용도로,2026-06-03
151,도촌북로,도촌파출소사거리,도촌천6교,1.3,2,보도블럭,보행자 겸용도로,2026-06-03
152,도촌북로,도촌천6교,도촌파출소사거리,1.3,2,투수콘,보행자 겸용도로,2026-06-03
153,도촌남로,도촌종합사회복지관,도촌초등학교,0.19,2,투수콘,보행자 겸용도로,2026-06-03
154,도촌남로,여수천2교,도촌천5교,1.54,2,"보도블럭, 투수콘",보행자 겸용도로,2026-06-03
155,도촌남로,도촌동성베드로성당,여수천2교,1.38,2,"보도블럭, 투수콘",보행자 겸용도로,2026-06-03
156,하오개로399번길,연구원사거리(연구원교),산운길1삼거리,0.08,2,투수콘,보행자 겸용도로,2026-06-03
157,산운로,산운길1삼거리,산운길2삼거리(운중초교앞 삼거리),0.38,2,투수콘,보행자 겸용도로,2026-06-03
158,산운로,산운길2삼거리(운중초교앞 삼거리),산운길3삼거리(대방노블랜드9단지앞 삼거리),0.68,2,투수콘,보행자 겸용도로,2026-06-03
159,산운로,산운길3삼거리(대방노블랜드9단지앞 삼거리),산운길4삼거리,0.22,2,투수콘,보행자 겸용도로,2026-06-03
160,산운로,산운길4삼거리,산운길5삼거리,0.3,2,투수콘,보행자 겸용도로,2026-06-03
161,산운로,산운길5삼거리,판교로연결지점,0.4,2,투수콘,보행자 겸용도로,2026-06-03
162,복정로,성남대로 1540,성남대로 1522,0.22,1.2,투수콘,보행자 겸용도로,2026-06-03
163,복정로,복정로 135,복정로 101,0.4,1.2,투수콘,보행자 겸용도로,2026-06-03
164,복정로,성남대로 1480번길 6,복정로 77,0.22,1.2,투수콘,보행자 겸용도로,2026-06-03
165,복정로,복정로 73,복정로 69,0.08,1.2,투수콘,보행자 겸용도로,2026-06-03
166,복정로,복정로 72번길 4,복정로 40,0.31,1.2,투수콘,보행자 겸용도로,2026-06-03
167,복정로,복정로 14,복정로 36,0.24,1.2,투수콘,보행자 겸용도로,2026-06-03
168,여수울로,여수울로 80,여수울로 80,0.08,1.5,보도블럭,보행자 겸용도로,2026-06-03
169,여수울로,여수울로 시점,산들마을아파트앞,0.76,2.3,투수콘,보행자 겸용도로,2026-06-03
170,여수울로,산들마을아파트앞,돌마로 연결지점,0.35,1.5,투수콘,보행자 겸용도로,2026-06-03
171,광명로,중앙동주민센터앞,상공회의소앞사거리,0.21,2,투수콘,보행자 겸용도로,2026-06-03
172,정자일로,정자일로177,정자일로 177,0.2,1.5,투수콘,보행자 겸용도로,2026-06-03
173,정자일로,삼성아데나루체,삼성아데나루체,0.17,1.2,보도블럭,보행자 겸용도로,2026-06-03
174,정자일로,미켈란쉐르빌,늘푸른초등학교,0.28,1.5,보도블럭,보행자 겸용도로,2026-06-03
175,정자로,대림아크로텔,대림아크로텔,0.05,1.5,투수콘,보행자 겸용도로,2026-06-03
176,이매로,이매역사거리,이매로 131,0.62,1.5,투수콘,보행자 겸용도로,2026-06-03
177,이매로,이매로 131,이매역사거리,0.62,1.5,투수콘,보행자 겸용도로,2026-06-03
178,운중동보행자도로,"산운로 97, 504동 앞(산운7단지)","산운로 98, 802동 앞(산운8단지)",0.15,2,투수콘,보행자 겸용도로,2026-06-03
179,위례순환로,위례자이아파트,위례푸른초등학교,3.04,1.5,투수콘,보행자 겸용도로,2026-06-03
180,위례순환로,위례푸른초등학교,위례그린파크푸르지오아파트,1.08,1.5,투수콘,보행자 겸용도로,2026-06-03
181,위례순환로,위례31단지아파트 3111동,위례31단지아파트 3102동,0.62,1.5,투수콘,보행자 겸용도로,2026-06-03
182,위례광장로,오벨리스크센트럴스퀘어앞,위례역푸르지오5단지,1.56,1.5,투수콘,보행자 겸용도로,2026-06-03
183,위례광장로,위례역푸르지오5단지,위례우남역아이파크,0.36,1.5,투수콘,보행자 겸용도로,2026-06-03
184,위례광장로,위례중앙역중앙타워,아이페리온 앞,0.5,1.5,투수콘,보행자 겸용도로,2026-06-03
185,위례대로,창곡교차로,위례35단지아파트,2.58,1.5,투수콘,보행자 겸용도로,2026-06-03
186,위례동로,위례우체국,위례한빛초등학교,2.02,1.5,투수콘,보행자 겸용도로,2026-06-03
187,위례동로,위럐한빛초등학교,힐스테이트위례아파트,1,1.5,투수콘,보행자 겸용도로,2026-06-03
188,위례동로,힐스테이트위례아파트,위례센트럴메디타운,0.4,1.3,투수콘,보행자 겸용도로,2026-06-03
189,위례서로,헌릉로 연결지점,위례31단지아파트,1.88,1.5,투수콘,보행자 겸용도로,2026-06-03
190,위례서일로,아이페리온 앞,힘찬프라자 앞,0.3,1.5,투수콘,보행자 겸용도로,2026-06-03
191,헌릉로,타이어뱅크앞,창곡교차로,0.52,1.5,투수콘,보행자 겸용도로,2026-06-03
192,헌릉로,사랑으로부영위례아파트,헌릉로연결지점,0.96,1.5,투수콘,보행자 겸용도로,2026-06-03
193,중앙공원로31번길,지엔느오피스텔,올림픽스포츠센터,0.57,1.5,투수콘,보행자 겸용도로,2026-06-03
194,중앙공원로32번길,현대카스올림픽골프파크,분당우성프라자,0.5,1.5,투수콘,보행자 겸용도로,2026-06-03
195,중앙공원로39번길,올림픽스포츠센터,지엔느오피스텔,0.57,1.5,투수콘,보행자 겸용도로,2026-06-03
196,중앙공원로40번길,분당우성프라자,현대카스올림픽골프파크,0.5,1.5,투수콘,보행자 겸용도로,2026-06-03
197,장안로25번길,건영아파트,SNH타워,0.36,1.5,투수콘,보행자 겸용도로,2026-06-03
198,장안로26번길,태현공원,태현공원,0.38,1.5,투수콘,보행자 겸용도로,2026-06-03
199,장안로41번길,한일빌딩,건영아파트,0.36,1.5,투수콘,보행자 겸용도로,2026-06-03
200,느티로,궁내사거리,아이파크분당3단지,0.3,1.2,투수콘,보행자 겸용도로,2026-06-03
201,마지로,성남동성당,제일로 연결지점,0.63,1.5,투수콘,보행자 겸용도로,2026-06-03
202,무지개로,구미공원사거리,구미파출소삼거리,0.42,1.3,투수콘,보행자 겸용도로,2026-06-03
203,"중탑공원1길(매화로48번길, 벌말로39번길, 벌말로40번길)",야탑3동 290-42,야탑3동 271,0.49,2,보도블럭,보행자 겸용도로,2026-06-03
204,야탑로105번길,야탑1동 동사무소옆,야탑1동 동사무소옆,0.05,2.5,투수콘,보행자 겸용도로,2026-06-03
205,보도중로2-4,야탑2동 538-2,야탑2동 485-13,0.31,2.5,보도블럭,보행자 겸용도로,2026-06-03
206,보도중로2-5,이매2동 150-1,이매2동 134,0.23,2,우레탄,보행자 겸용도로,2026-06-03
207,보도소로2-6,야탑2동 539-3,야탑2동 509,0.14,3,투수콘,보행자 겸용도로,2026-06-03
208,보도중로2-37(벌말로30번길),"중탑(중로2-37), 야탑3동 273-5",중탑길(중로2-37) 야탑3동 220-3,1.02,1.5,보도블럭,보행자 겸용도로,2026-06-03
209,보도중로2-38(야탑로245번길),상탑1길(중로2-38) 야탑3동 159-1,상탑1길(중로2-38) 야탑3동 185,2.11,1.5,"우레탄, 보도블럭",보행자 겸용도로,2026-06-03
210,보도중로2-14,"신기길,봉우재길(정자동 142-3)",능골공원길(수내1동사무소)(수내동 25),0.54,2.1,"투수콘, 보도블럭",보행자 겸용도로,2026-06-03
211,보도중로2-15,정자동 193,수내동 62,0.78,2.1,투수콘,보행자 겸용도로,2026-06-03
212,보도중로2-11,정자동 200,수내동 76,0.54,2.1,우레탄,보행자 겸용도로,2026-06-03
213,보도중로2-17,정자동 89(신기초교),정자동 113(한솔초교),0.68,2.1,"투수콘, 보도블럭",보행자 겸용도로,2026-06-03
214,보도중로2-18,정자동 195(탄천초교),정자동 198,0.53,2,"투수콘, 보도블럭",보행자 겸용도로,2026-06-03
215,보도중로2-19(금곡동상록마을),금곡동 180,금곡동 180,0.12,2,투수콘,보행자 겸용도로,2026-06-03
216,보도중로2-20(금곡동청솔마을),금곡동 183,구미동 108,1.75,2,"투수콘, 보도블럭",보행자 겸용도로,2026-06-03
217,보도중로2-21(청솔초등학교),금곡동 125,금곡동 146,0.65,2,"투수콘, 보도블럭",보행자 겸용도로,2026-06-03
218,보도소로 1-8(까치마을길),보도소로1-8시점 구미동22,보도소로1-8종점 구미동 34-5,0.03,1.5,보도블럭,보행자 겸용도로,2026-06-03
219,보도중로 2-22,구미동 73,구미동 73(공원),0.1,2,투수콘,보행자 겸용도로,2026-06-03
220,보도중로2-23(금곡동벌말공원),금곡동 65,금곡동 67(벌말공원),0.49,2,투수콘,보행자 겸용도로,2026-06-03
221,보도중로2-24(구미동하얀마을),구미동 147,구미동 112,0.43,2,투수콘,보행자 겸용도로,2026-06-03
222,보도중로2-28,구미동 197-8,구미동 197-8,0.16,2,투수콘,보행자 겸용도로,2026-06-03
223,보도소로 2-30,보도소로2-30시점 구미동146,보도소로 2-30종점 구미동61,0.28,2,투수콘,보행자 겸용도로,2026-06-03
224,탄천고수부지(탄천우안),여수대교,서울시계,5.15,3,우레탄,보행자 겸용도로,2026-06-03
225,탄천변(탄천좌로),둔천교,여수대교,0.86,3,우레탄,보행자 겸용도로,2026-06-03
226,탄천변(좌로)우안,하대원동 여수대교,정자동 불정교,7.42,3,"우레탄, 투수콘",보행자 겸용도로,2026-06-03
227,탄천변(우로)좌안,하대원동 여수대교,정자동 불정교,7.42,3,"우레탄, 투수콘",보행자 겸용도로,2026-06-03
228,탄천변(탄천우안),정자3동 불정교,구미동 용인시경계,3.56,3,우레탄,보행자 겸용도로,2026-06-03
229,탄천변(탄천좌안),용인시계시점,불정교종점,3.66,3,투수콘,보행자 겸용도로,2026-06-03
230,동막천자전거길,구미교,금곡교,1.15,3,투수콘,보행자 겸용도로,2026-06-03
231,동막천자전거길,금곡교,구미교,1.13,3,투수콘,보행자 겸용도로,2026-06-03
232,운중천(좌로),운중교밑,낙원교밑,3.56,2,투수콘,보행자 겸용도로,2026-06-03
233,운중천(우로),두밀교(산운초교),낙원교,2.23,3,투수콘,보행자 겸용도로,2026-06-03
234,운중천(좌로),낙원교,화랑공원(화랑교앞),1.17,5,투수콘,보행자 겸용도로,2026-06-03
235,운중천(우로),원너머교,동안교,1.11,4,투수콘,보행자 겸용도로,2026-06-03
236,운중천(좌로),쌍룡교,매송2교,1.04,4,투수콘,보행자 겸용도로,2026-06-03
237,운중천(좌로),구숯내교,방아다리사거리 밑,0.82,2,투수콘,보행자 겸용도로,2026-06-03
238,운중천(우로),방아다리사거리 밑,구숯내교,0.72,2,투수콘,보행자 겸용도로,2026-06-03
239,운중천(좌로),낙생고등학교앞,낙생고등학교앞,0.2,2,투수콘,보행자 겸용도로,2026-06-03
240,금토천변(좌우로),쌍룡교 밑,서울외곽순환고속도로 밑,1.19,4,투수콘,보행자 겸용도로,2026-06-03
241,금토천(좌로),삼평교 밑,서울외곽순환고속도로 밑,0.52,2,투수콘,보행자 겸용도로,2026-06-03
242,금토천,금토천횡단구간,화랑공원,0.15,2,투수콘,보행자 겸용도로,2026-06-03
243,야탑천,하탑초등학교,야탑3동 159-10,2.9,1.5,우레탄,보행자 겸용도로,2026-06-03
244,분당천,황새울공원,분당저수지,7.18,2,우레탄,보행자 겸용도로,2026-06-03
245,도촌천,보도육교,도촌천6교,1.67,3,투수콘,보행자 겸용도로,2026-06-03
246,도촌천,도촌천6교,도촌천1교,1.51,3,투수콘,보행자 겸용도로,2026-06-03
247,여수천,여수천교,도촌천연결지점,2.59,3,투수콘,보행자 겸용도로,2026-06-03
248,여수천,여수천2교,여수천교,2.32,3,투수콘,보행자 겸용도로,2026-06-03
249,창곡천,위례하늘유치원(창곡동 599),창곡동 497-26,1.46,3,투수콘,보행자 겸용도로,2026-06-03
250,창곡천,토지주택공사위례사업본부(복정동 223),위례하늘유치원 (창곡동 599),1.74,3,투수콘,보행자 겸용도로,2026-06-03
251,창곡천,토지주택공사위례사업본부(복정동 223),탄천연결로,0.54,0.54,투수콘,보행자 겸용도로,2026-06-03
252,상적천,탄천연결로(둔전동 223-5),고등교밑(시흥동 160-3),1.29,1.29,투수콘,보행자 겸용도로,2026-06-03
253,판교대장로,판교대장로36,분당구 대장동25,1.005,1.5,투수콘,보행자 겸용도로,2026-06-03
254,판교대장로,판교대장로8길 24,판교대장로31,0.977,1.5,투수콘,보행자 겸용도로,2026-06-03
255,판교대장로7길,판교대장로7길 4,판교대장로8길 16,0.595,1.5,투수콘,보행자 겸용도로,2026-06-03
256,판교대장로7길,판교대장로8길 22,판교대장로7길 5,0.598,1.5,투수콘,보행자 겸용도로,2026-06-03
257,판교대장로5길,판교대장로4길 15,대장동 산13-8임,0.687,1.5,투수콘,보행자 겸용도로,2026-06-03
258,판교대장로5길,대장동 94-10,분당구 대장동228-1,0.62,1.5,투수콘,보행자 겸용도로,2026-06-03
259,판교대장로,판교대장로24,분당구 대장동312-30,0.057,1.5,투수콘,보행자 겸용도로,2026-06-03
260,판교대장로6길,분당구 대장동246-3,분당구 대장동205-5,0.22,1.5,투수콘,보행자 겸용도로,2026-06-03
261,판교대장로6길,판교대장로 92,분당구 대장동246-1,0.203,1.5,투수콘,보행자 겸용도로,2026-06-03
262,판교대장로2길,분당구 대장동 239-3,대장동 산35-7,0.211,1.5,투수콘,보행자 겸용도로,2026-06-03
263,판교대장로2길,대장동 산35-7,판교대장로 39,0.268,1.5,투수콘,보행자 겸용도로,2026-06-03
264,판교대장로2길,분당구 대장동 238,분당구 대장동 236,0.095,1.5,투수콘,보행자 겸용도로,2026-06-03
265,판교대장로2길,분당구 대장동 236,분당구 대장동 238,0.083,1.5,투수콘,보행자 겸용도로,2026-06-03
